;Numéro de formulaire ;chouxblancàlajaponaise;saladelentilles;champignons;carottesrâpées;oeufmimosa;saladepates;artichauts;salami;coeursdepalmiers;tomates;torsades;feuilletésaumonoseille;boeufbourguignon;kebab;risottocourgettes;pizzaraclette;faux-filet;pizzamerguezpoivrons;hamburger;escalopeviennoise;poeléebrocolis;frites;ratatouille;yaourtauxfruits;ufàlaneige;faissellenature;yaourtnaturesucré;fromageblancfruitsrouges;banane;mimolette;flancchocolat;orange;pommegolden;kiwi
0;6P4Y;0;0;0;0;0;0;0;0;0;0;1;0;0;0;0;0;0;0;0;1;0;0;0;1;0;0;0;0;1;0;0;0;0;0
1;2H8Z;1;0;0;0;0;0;0;0;0;0;1;1;0;0;0;0;0;0;0;0;1;0;0;0;1;0;0;0;0;0;0;0;0;0
2;8M4T;0;1;1;0;0;0;0;0;0;0;1;0;1;0;0;0;0;0;0;0;1;0;0;0;0;1;0;0;0;0;0;0;0;0
3;3G0E;0;1;0;0;0;0;0;0;0;0;1;1;0;0;0;0;0;0;0;0;1;0;0;0;1;0;0;0;0;0;0;0;0;0
4;8K6E ;0;0;0;0;0;0;0;0;0;0;1;0;0;0;0;0;0;0;0;1;1;0;0;1;0;0;0;0;1;0;0;0;0;0
5;2O6T;0;0;0;0;0;0;0;0;0;0;1;1;0;0;0;0;0;0;0;0;0;0;0;0;1;0;1;0;0;0;0;0;0;0
6;1N8N;0;0;1;0;0;0;0;0;0;0;1;0;1;0;0;0;0;0;0;0;1;0;0;0;0;0;0;1;1;0;0;0;0;0
7;5P2D;0;0;0;1;0;0;0;0;0;0;1;0;1;0;0;0;0;0;0;0;0;0;0;1;0;0;0;0;1;0;0;0;0;0
8;6R0N;0;0;0;0;0;0;0;0;0;0;1;0;1;0;0;0;0;0;0;0;1;0;0;1;0;0;0;0;0;0;0;0;1;0
9;5U6D;0;0;1;0;0;0;0;0;0;0;1;0;1;0;0;0;0;0;0;0;0;0;0;1;0;0;0;0;0;0;0;0;0;0
10;5G2Q;0;0;0;0;0;0;0;0;0;0;0;0;0;1;0;0;0;0;0;0;0;1;0;0;0;0;0;0;0;0;0;0;0;0
11;1T8V;0;0;0;0;0;0;0;0;0;0;0;0;0;1;0;0;0;0;0;0;0;1;0;0;0;0;0;0;0;0;0;0;0;0
12;8K8L;0;0;0;1;0;0;0;0;0;0;1;0;1;0;0;0;0;0;0;0;1;0;0;0;0;0;1;0;0;0;0;0;1;0
13;5V7A;0;0;0;0;1;0;0;0;0;0;1;0;1;0;0;0;0;0;0;0;0;0;0;1;0;0;0;0;0;0;0;0;0;0
14;3L6Q;0;0;0;0;0;1;0;0;0;0;1;1;0;0;0;0;0;0;0;0;1;0;0;0;0;0;0;0;1;0;0;0;0;0
15;0U9Y;0;0;0;0;1;0;0;0;0;0;1;1;0;0;0;0;0;0;0;0;1;0;0;0;0;0;0;1;0;0;1;0;0;0
16;5B4T;0;0;0;0;0;0;0;0;0;0;1;0;1;0;0;0;0;0;0;0;0;0;0;0;0;0;0;1;0;0;0;0;1;0
17;4H1P;0;0;0;0;1;0;0;0;0;0;1;0;1;0;0;0;0;0;0;0;1;0;0;0;0;0;0;1;0;0;0;0;1;0
18;0B60;0;0;0;0;0;0;0;0;0;0;0;0;0;1;0;0;0;0;0;0;0;1;0;0;0;0;0;0;0;0;0;0;0;0
19;2Y1W;0;0;0;0;1;0;0;0;0;0;1;1;0;0;0;0;0;0;0;0;1;0;0;0;0;0;0;0;0;1;1;0;0;0
20;1J5T;0;0;0;0;1;0;0;0;0;0;1;1;0;0;0;0;0;0;0;0;0;0;1;0;0;0;0;1;1;0;0;0;0;0
21;8O3V;0;0;0;0;1;0;0;0;0;0;0;0;0;0;1;0;0;0;0;0;0;0;0;0;0;0;0;0;1;0;0;0;0;0
22;1B2S;0;0;0;0;0;0;0;0;0;0;1;0;1;0;0;0;0;0;0;0;1;0;0;0;0;0;0;1;1;0;0;0;0;0
23;0F9P;0;0;0;0;1;0;0;0;0;0;0;0;0;0;0;1;0;0;0;0;0;0;0;1;0;0;0;0;1;0;1;0;0;0
24;2A1P;0;0;0;0;0;0;0;0;0;0;1;0;1;0;0;0;0;0;0;0;0;0;0;1;0;0;0;1;1;0;0;0;0;0
25;4U8Q;0;0;0;0;0;0;0;0;0;0;1;1;0;0;0;0;0;0;0;0;0;0;0;0;0;0;0;1;0;1;1;0;0;0
26;7D4K;0;0;0;0;1;0;0;0;0;0;1;0;1;0;0;0;0;0;0;0;0;0;0;0;0;1;0;0;1;0;0;0;0;0
27;8U4I;0;0;0;0;1;0;0;0;0;0;1;0;1;0;0;0;0;0;0;0;0;0;0;1;0;0;0;0;1;0;0;0;0;0
28;0B2M;0;0;0;0;1;0;0;0;0;0;1;0;1;0;0;0;0;0;0;0;1;0;0;0;0;0;1;0;0;0;0;0;0;0
29;2M7S;0;0;0;0;0;0;0;0;0;0;1;1;0;0;0;0;0;0;0;0;0;0;0;1;0;0;0;0;1;0;0;0;0;0
30;3K7S;0;0;0;0;0;0;1;0;0;0;0;0;0;1;0;0;0;0;0;0;0;1;0;1;0;0;0;0;1;0;0;0;0;0
31;8N1H;0;0;0;0;1;0;0;0;0;0;1;1;0;0;0;0;0;0;0;0;1;0;0;0;0;0;0;1;0;0;1;0;0;0
32;8P9D;0;0;0;0;0;1;0;0;0;0;1;1;0;0;0;0;0;0;0;0;1;0;0;0;0;0;0;0;1;0;0;0;0;0
33;4D0S;0;0;0;0;0;1;0;0;0;0;1;1;0;0;0;0;0;0;0;0;1;0;0;1;0;0;0;0;1;0;0;0;0;0
34;8N9Q;0;0;0;0;0;0;0;0;0;0;0;0;0;1;0;0;0;0;0;0;0;1;0;0;0;0;0;0;0;0;1;0;0;0
35;1G6O;0;1;0;0;1;0;0;0;0;0;1;0;1;0;0;0;0;0;0;0;1;0;0;0;0;0;0;1;0;0;0;0;0;0
36;7Z3H;0;0;0;0;0;0;0;0;0;0;1;0;1;0;0;0;0;0;0;0;0;0;0;0;0;0;0;1;0;1;0;0;0;0
37;5Y5L;0;0;0;0;0;0;0;0;0;0;1;0;1;0;0;0;0;0;0;0;1;0;0;1;0;0;0;0;0;0;0;0;1;0
38;3T0E;0;0;0;0;0;0;0;0;0;0;1;0;1;0;0;0;0;0;0;0;1;0;0;1;0;0;0;0;0;0;0;0;1;0
39;0C8K;0;0;0;0;0;0;0;0;0;0;1;0;1;0;0;0;0;0;0;0;0;0;0;1;0;0;0;1;1;0;0;0;0;0
40;8G8P;0;0;0;0;0;0;0;0;0;0;0;0;0;1;0;0;0;0;0;0;0;1;0;1;0;0;0;0;0;0;0;0;1;0
41;5D1Z;0;0;0;0;0;0;0;0;0;0;0;0;0;1;0;0;0;0;0;0;0;1;0;1;0;0;0;0;0;0;0;0;0;0
42;5J3M;0;0;0;0;0;0;0;0;0;0;0;0;0;0;0;0;1;0;0;0;0;1;0;0;0;0;0;0;0;0;0;0;0;0
43;5M7S;0;0;0;0;0;1;0;0;0;0;0;0;0;0;1;0;0;0;0;0;0;0;0;0;0;0;0;1;0;0;0;0;0;0
44;8M0U;0;0;1;0;1;0;0;0;0;0;1;0;1;0;0;0;0;0;0;0;1;0;0;0;0;0;0;0;0;1;0;0;0;0
45;5W3U;0;1;0;0;0;0;0;0;0;0;1;0;1;0;0;0;0;0;0;0;1;0;0;1;0;0;0;0;0;1;0;0;0;0
46;9R3J;0;1;0;0;0;0;0;0;0;0;1;0;1;0;0;0;0;0;0;0;1;0;0;0;0;0;0;1;0;0;0;0;0;0
47;6C6J;0;0;0;0;0;0;0;0;0;0;1;0;1;0;0;0;0;0;0;0;1;0;0;1;0;0;0;0;0;1;0;0;0;0
48;9D50;0;0;1;0;0;0;0;0;0;0;1;0;1;0;0;0;0;0;0;0;0;0;0;0;0;1;0;0;0;0;1;0;0;0
49;7J8Y;0;1;0;1;0;0;0;0;0;0;0;0;0;0;1;0;0;0;0;0;0;0;0;0;0;0;0;0;1;0;0;0;0;0
50;4O4Z;0;1;1;0;0;0;0;0;0;0;1;0;1;0;0;0;0;0;0;0;1;0;0;0;0;0;0;0;0;0;0;1;0;0
51;3U8T;0;0;0;0;0;0;0;0;0;0;1;0;1;0;0;0;0;0;0;0;1;0;0;1;0;0;1;0;1;0;0;0;0;0
52;7H9N;0;0;0;0;0;0;0;0;0;0;1;0;1;0;0;0;0;0;0;0;0;0;0;1;0;0;0;1;1;0;0;0;0;0
53;5R8S;0;0;0;0;0;0;0;0;0;0;1;0;1;0;0;0;0;0;0;0;1;0;0;1;0;0;0;1;1;0;0;0;0;0
54;2E1F;0;0;0;1;0;0;0;0;0;0;0;0;0;0;1;0;0;0;0;0;0;0;0;1;0;0;0;0;0;0;1;0;0;0
55;8G7E;0;0;0;0;0;0;0;0;0;0;0;0;0;0;0;0;0;1;0;0;0;0;0;0;0;0;0;0;0;0;0;0;0;0
56;9I3J;0;0;0;0;0;1;0;0;0;0;0;0;0;0;0;0;0;0;1;0;0;1;0;0;0;0;0;0;0;0;0;1;0;0
57;0I8Y;0;0;0;1;0;0;0;0;0;0;1;0;1;0;0;0;0;0;0;0;1;0;0;0;0;1;0;0;1;0;1;0;0;0
58;7N3X;0;0;1;0;0;0;0;0;0;0;1;0;1;0;0;0;0;0;0;0;1;0;0;0;0;0;0;0;0;0;1;0;0;0
59;7I5L;0;0;0;0;0;0;0;0;0;0;1;0;1;0;0;0;0;0;0;0;1;0;0;1;0;0;0;0;0;0;0;0;0;1
60;7N7F;0;1;0;0;0;0;0;0;0;0;0;0;0;0;1;0;0;0;0;0;0;0;0;0;0;0;0;1;0;1;0;0;0;0
61;7U3T;0;0;0;0;0;0;0;0;0;0;0;0;0;0;1;0;0;0;0;0;0;0;0;1;0;0;0;1;1;0;0;0;0;0
62;2I9R;0;0;0;0;0;0;0;0;0;0;0;0;0;1;0;0;0;0;0;0;0;1;0;0;0;0;0;0;0;0;0;0;0;0
63;5D2H;0;0;0;0;0;0;0;0;0;0;1;0;1;0;0;0;0;0;0;0;1;0;0;1;0;0;0;0;0;0;0;0;0;0
64;7F8H;0;0;0;0;0;0;0;0;0;0;1;0;1;0;0;0;0;0;0;0;0;0;0;1;0;0;0;0;0;0;0;0;0;0
65;1Y9T;0;0;0;0;0;0;0;0;0;0;0;0;0;0;1;0;0;0;0;0;0;0;0;0;0;1;0;1;0;0;0;0;1;0
66;3M5G;0;0;0;0;1;0;0;0;0;0;0;0;0;0;1;0;0;0;0;0;0;0;0;1;0;0;0;0;0;0;0;0;1;0
67;6H4A;0;0;0;0;0;0;0;0;0;0;0;0;0;0;1;0;0;0;0;0;0;0;0;0;0;1;0;1;0;0;0;0;1;0
68;4K3B;0;0;0;0;0;0;0;0;0;0;0;0;0;0;1;0;0;0;0;0;0;0;0;0;0;1;0;1;0;0;0;0;0;0
69;7K6G;0;0;0;0;0;0;0;0;0;0;1;0;1;0;0;0;0;0;0;0;0;0;0;1;0;0;0;0;0;0;0;0;0;0
70;0A2A;0;0;0;0;0;0;0;0;0;0;1;0;1;0;0;0;0;0;0;0;0;0;0;1;0;0;0;0;0;0;0;0;0;0
71;4L1N;0;0;0;0;1;0;0;0;0;0;1;0;1;0;0;0;0;0;0;0;0;0;0;0;0;0;1;0;0;0;0;0;0;0
72;7E6C;0;0;1;0;0;0;0;1;0;0;1;0;1;0;0;0;0;0;0;0;0;0;0;1;0;0;0;0;0;0;0;0;0;0
73;2G0T;0;0;0;0;0;0;0;0;0;0;1;1;0;0;0;0;0;0;0;0;0;0;0;1;0;0;0;1;0;0;0;0;0;0
74;8W7P;0;0;0;0;1;0;0;0;0;0;0;0;0;0;1;0;0;0;0;0;0;0;0;0;0;0;0;1;0;1;0;0;0;0
75;0S7C;0;0;0;0;1;0;0;0;0;0;1;1;0;0;0;0;0;0;0;0;0;0;0;0;0;0;0;0;0;1;0;0;0;0
76;8H6H;0;0;0;0;0;0;0;0;0;0;1;1;0;0;0;0;0;0;0;0;0;0;0;1;0;0;0;0;0;0;0;0;0;0
77;0P2F;0;0;0;0;0;0;0;0;0;0;1;1;0;0;0;0;0;0;0;0;0;0;0;1;0;0;0;0;0;0;0;0;0;0
78;1J4B;0;0;0;0;0;0;0;0;0;0;1;1;0;0;0;0;0;0;0;0;0;0;0;1;0;0;0;0;0;0;0;0;0;0
79;7F5N;0;0;0;0;0;0;0;0;0;0;0;0;0;1;0;0;0;0;0;0;0;1;0;0;0;0;0;0;0;0;0;0;0;0
80;1N9S;0;0;0;0;0;0;0;0;0;0;0;0;0;0;1;0;0;0;0;0;0;0;0;1;0;0;0;1;0;0;0;0;0;0
81;2B3R;0;0;0;0;0;0;0;0;1;0;0;0;0;0;1;0;0;0;0;0;0;0;0;0;0;0;0;1;0;1;0;0;0;0
82;2A2L;0;0;0;0;0;0;0;0;0;0;1;0;1;0;0;0;0;0;0;0;1;0;0;1;0;0;0;0;0;0;0;0;0;0
83;7S9S;0;0;0;0;1;0;1;0;0;0;1;0;1;0;0;0;0;0;0;0;0;0;0;0;0;0;1;0;0;0;0;0;0;0
84;5C7B;0;1;0;0;0;0;0;0;0;0;0;0;0;0;1;0;0;0;0;0;0;0;0;0;0;0;0;1;0;0;0;1;0;0
85;8M9W;0;0;1;0;0;0;0;0;1;0;1;1;0;0;0;0;0;0;0;0;1;0;0;1;0;0;0;0;0;0;0;0;0;0
86;5B2Z;0;0;0;0;0;0;0;0;0;0;1;0;1;0;0;0;0;0;0;0;1;0;0;0;0;0;0;1;0;0;0;0;0;0
87;2G2S;0;0;0;0;0;0;0;0;0;0;1;1;0;0;0;0;0;0;0;0;1;0;0;0;0;0;1;0;0;0;0;0;0;0
88;0O5Q;0;1;0;0;0;0;0;0;0;0;1;0;1;0;0;0;0;0;0;0;1;0;0;1;0;0;0;0;0;0;0;0;0;0
89;4D4V;0;0;0;0;1;0;0;1;0;0;1;0;1;0;0;0;0;0;0;0;1;0;0;0;0;0;0;0;0;0;0;1;0;0
90;9J6M;0;0;0;0;1;0;0;0;0;0;1;0;1;0;0;0;0;0;0;0;1;0;0;0;0;0;0;1;0;0;0;0;0;0
91;4T1L;0;0;0;0;0;0;0;0;0;0;1;1;0;0;0;0;0;0;0;0;1;0;0;1;0;0;0;1;0;0;0;0;0;0
92;5Y6U;0;0;0;0;0;0;0;0;0;1;0;0;0;0;1;0;0;0;0;0;0;0;0;1;0;0;0;0;0;0;0;0;0;1
93;3W6I;0;0;0;0;0;0;0;0;0;0;1;0;1;0;0;0;0;0;0;0;1;0;0;0;0;1;0;1;0;0;0;0;0;0
94;1W8I;0;0;0;0;1;0;0;0;0;0;1;0;1;0;0;0;0;0;0;0;0;0;0;1;0;0;0;0;1;0;0;0;0;0
95;8U4S;0;0;0;0;0;0;0;0;0;0;0;0;0;0;0;1;0;0;0;0;0;0;0;0;0;0;0;0;1;0;0;0;0;0
96;6L3J;0;0;0;0;0;0;0;0;0;0;0;0;0;0;1;0;0;0;0;0;0;0;0;1;0;0;0;1;0;0;0;0;1;0
97;0G5M;0;0;0;0;0;0;0;0;0;0;1;1;0;0;0;0;0;0;0;0;0;0;0;1;0;0;0;1;0;0;0;0;0;0
98;6C9H;0;0;0;0;0;0;0;0;0;0;1;1;0;0;0;0;0;0;0;0;1;0;0;0;0;0;0;1;0;0;0;0;1;0
99;5I3E;0;0;0;0;0;0;1;0;0;0;1;0;1;0;0;0;0;0;0;0;1;0;0;1;0;0;0;0;0;0;0;0;0;0
100;7U7X;1;0;0;0;0;0;0;0;0;0;1;1;0;0;0;0;0;0;0;0;1;0;0;0;0;0;0;1;0;0;0;0;0;1
101;2H8Q;0;1;0;0;0;0;0;0;0;0;1;0;1;0;0;0;0;0;0;0;1;0;0;0;0;0;0;1;0;0;0;0;1;0
102;5T1N;0;0;0;0;0;0;0;1;0;0;1;0;1;0;0;0;0;0;0;0;1;0;0;0;0;1;0;1;0;0;0;0;0;0
103;9P8X;0;1;0;0;0;0;0;0;0;0;1;0;1;0;0;0;0;0;0;0;1;0;0;0;0;0;0;1;0;0;0;0;1;0
104;1M5C;0;1;0;0;0;0;0;0;0;0;1;1;0;0;0;0;0;0;0;0;1;0;0;1;0;0;0;0;0;0;0;0;0;0
105;9A6W;0;0;0;0;0;0;0;0;0;0;0;0;0;0;0;0;0;1;0;0;0;0;0;0;0;0;0;0;0;0;0;0;0;0
106;1T2N;0;0;1;0;0;0;0;0;0;0;1;1;0;0;0;0;0;0;0;0;1;0;0;0;0;1;0;0;0;0;0;0;1;0
107;9Y6D;0;0;0;0;0;0;0;0;0;0;0;0;0;0;1;0;0;0;0;0;0;0;0;0;0;0;0;1;0;0;0;1;0;0
108;2W9X;1;0;0;0;0;0;1;0;0;0;1;0;1;0;0;0;0;0;0;0;1;0;0;0;0;0;0;1;0;0;0;0;0;0
109;6W8Z;0;1;0;0;0;0;0;0;0;0;0;0;0;0;1;0;0;0;0;0;0;0;0;0;0;0;0;1;0;0;0;1;0;0
110;2E8L;1;0;0;0;0;0;0;0;0;0;1;1;0;0;0;0;0;0;0;0;1;0;0;0;0;1;0;0;0;0;0;0;0;0
111;2U4F;0;1;0;0;0;0;0;0;0;0;1;0;1;0;0;0;0;0;0;0;1;0;0;0;0;0;0;1;0;0;0;1;0;0
112;0S0Q;0;1;0;0;0;0;0;0;0;0;1;0;1;0;0;0;0;0;0;0;1;0;0;0;0;0;0;1;0;0;0;0;1;0
113;0R4C;0;1;0;0;0;0;0;0;0;0;1;0;1;0;0;0;0;0;0;0;1;0;0;0;0;0;1;1;0;0;0;0;0;0
114;6O4Y;0;0;0;0;0;0;0;0;0;0;1;1;0;0;0;0;0;0;0;0;0;0;0;0;0;0;1;0;0;0;0;0;1;1
115;0A4U;0;1;0;0;0;0;0;0;0;0;1;0;1;0;0;0;0;0;0;0;0;0;0;0;0;0;1;1;0;0;0;0;0;0
116;6U1H;0;0;0;0;0;0;0;0;0;0;1;0;1;0;0;0;0;0;0;0;0;0;0;0;0;0;0;0;0;0;0;0;0;0
117;1L0F;0;1;0;0;0;0;0;0;0;0;0;0;0;0;1;0;0;0;0;0;0;0;0;0;0;1;0;0;0;0;0;0;0;0
118;4T9L;0;0;0;0;0;0;1;0;0;0;0;0;0;1;0;0;0;0;0;0;0;1;0;0;0;0;0;0;0;0;0;0;1;0
119;5W4J;0;0;0;0;0;0;0;0;0;0;1;1;0;0;0;0;0;0;0;0;0;0;0;0;0;1;0;0;0;0;0;0;0;0
120;1P5N;0;0;0;0;0;0;0;0;0;0;1;1;0;0;0;0;0;0;0;0;0;0;0;0;0;0;0;1;0;0;0;0;0;0
121;6Z9V;0;0;0;0;0;0;0;0;0;0;1;1;0;0;0;0;0;0;0;0;0;0;0;0;0;0;0;1;0;0;0;0;1;1
122;2G3P;0;0;0;0;0;0;0;0;0;0;1;0;1;0;0;0;0;0;0;0;0;0;0;0;0;0;0;1;0;0;0;0;0;0
123;1Y1C;0;0;0;0;0;0;0;0;0;0;1;0;1;0;0;0;0;0;0;0;0;0;0;0;0;0;1;1;0;0;0;0;0;0
124;0R7V;1;0;0;0;0;0;0;0;0;0;1;1;0;0;0;0;0;0;0;0;1;0;0;0;0;1;0;1;0;0;0;0;0;0
125;7P8D;0;0;0;0;0;0;0;0;0;0;1;0;1;0;0;0;0;0;0;0;1;0;0;0;0;1;0;0;0;0;0;0;1;0
126;1T9W;0;0;0;0;0;0;0;0;0;0;1;1;0;0;0;0;0;0;0;0;1;0;0;0;0;0;0;1;0;0;0;0;1;0
127;1W6X;0;0;0;0;0;0;0;0;0;0;1;1;0;0;0;0;0;0;0;0;1;0;0;0;0;0;0;1;0;0;0;0;0;0
128;5O0Y;1;0;0;0;0;0;0;0;0;0;1;0;1;0;0;0;0;0;0;0;0;0;0;0;0;0;0;1;0;0;0;0;0;0
129;3R5P;0;0;0;0;0;0;0;0;0;1;1;0;1;0;0;0;0;0;0;0;1;0;0;0;0;0;0;1;0;0;0;0;0;0
130;8K4B;0;0;0;0;0;0;0;0;0;0;1;1;0;0;0;0;0;0;0;0;1;0;0;0;0;0;0;1;0;0;0;0;1;0
